{
  "project_info": {
    "project_number": "357978088621",
    "project_id": "stoktakip-ef374",
    "storage_bucket": "stoktakip-ef374.appspot.com"
  },
  "client": [
    {
      "client_info": {
        "mobilesdk_app_id": "1:357978088621:android:fd8f514af4dc3481f81224",
        "android_client_info": {
          "package_name": "com.example.stoktakip"
        }
      },
      "oauth_client": [],
      "api_key": [
        {
          "current_key": "AIzaSyB4bKhbLEtN6IpxOPZUWBOas9n2p6gIbiQ"
        }
      ],
      "services": {
        "appinvite_service": {
          "other_platform_oauth_client": []
        }
      }
    }
  ],
  "configuration_version": "1"
}